{"packages/cupertino_icons/assets/CupertinoIcons.ttf":["packages/cupertino_icons/assets/CupertinoIcons.ttf"],"assets/img/bg.png":["assets/img/bg.png"],"assets/img/blue_bg.png":["assets/img/blue_bg.png"],"assets/img/cabecera22.png":["assets/img/cabecera22.png"],"packages/rflutter_alert/assets/images/close.png":["packages/rflutter_alert/assets/images/close.png","packages/rflutter_alert/assets/images/2.0x/close.png","packages/rflutter_alert/assets/images/3.0x/close.png"],"assets/img/error.gif":["assets/img/error.gif"],"packages/rflutter_alert/assets/images/icon_error.png":["packages/rflutter_alert/assets/images/icon_error.png","packages/rflutter_alert/assets/images/2.0x/icon_error.png","packages/rflutter_alert/assets/images/3.0x/icon_error.png"],"packages/rflutter_alert/assets/images/icon_info.png":["packages/rflutter_alert/assets/images/icon_info.png","packages/rflutter_alert/assets/images/2.0x/icon_info.png","packages/rflutter_alert/assets/images/3.0x/icon_info.png"],"packages/rflutter_alert/assets/images/icon_success.png":["packages/rflutter_alert/assets/images/icon_success.png","packages/rflutter_alert/assets/images/2.0x/icon_success.png","packages/rflutter_alert/assets/images/3.0x/icon_success.png"],"packages/rflutter_alert/assets/images/icon_warning.png":["packages/rflutter_alert/assets/images/icon_warning.png","packages/rflutter_alert/assets/images/2.0x/icon_warning.png","packages/rflutter_alert/assets/images/3.0x/icon_warning.png"],"assets/img/id-card.png":["assets/img/id-card.png"],"assets/img/logo_dark.png":["assets/img/logo_dark.png"],"assets/img/logo_facite.png":["assets/img/logo_facite.png"],"assets/img/logo_w.png":["assets/img/logo_w.png"],"assets/img/loguito.png":["assets/img/loguito.png"],"assets/img/pdf.svg":["assets/img/pdf.svg"],"assets/img/problem.png":["assets/img/problem.png"]}